label,precision,recall,f1-score,support
0,0.5486725663716814,0.5688073394495413,0.5585585585585585,109.0
1,0.766497461928934,0.6894977168949772,0.7259615384615384,219.0
2,0.7681818181818182,0.7100840336134454,0.7379912663755458,238.0
3,0.931189229618549,0.9460486322188449,0.9385601206181681,1316.0
4,0.6117216117216118,0.6472868217054264,0.6290018832391714,258.0
accuracy,0.8383177570093457,0.8383177570093457,0.8383177570093457,0.8383177570093457
macro avg,0.7252525375645188,0.7123449087764471,0.7180146734505964,2140.0
weighted avg,0.8382078171151444,0.8383177570093457,0.8378214886974557,2140.0
