Model Name,Dataset Name,Accuracy,F1 Score,Precision,Macro Avg,Weighted Avg,Recall
DenseNet121,PlantVillage,0.918546511627907,0.919545487419611,0.9185540677298412,0.918843013202221,0.918545487419611,0.918546511627907
DenseNet169,PlantVillage,0.929031007751938,0.9290308988776276,0.9290340358527132,0.9292390759126882,0.9290308988776276,0.929031007751938
GoogLeNet,PlantVillage,0.928062015503876,0.9280613655026032,0.9280642795044556,0.9281596572506036,0.9280613655026032,0.928062015503876
InceptionV3,PlantVillage,0.769031007751938,0.7690312761975402,0.7690380687438446,0.7690982702626996,0.7690312761975402,0.769031007751938
ResNet50,PlantVillage,0.8782945736434108,0.875383000072811,0.8714605740463129,0.8786143189218774,0.875383000072811,0.8782945736434108
VGG16,PlantVillage,0.9293410852713178,0.919359368461368,0.9294560182844822,0.926611531584384,0.929359368461368,0.9293410852713178
ViT-B16,PlantVillage,0.928546511627907,0.9285448815994862,0.928556439460784,0.928659778645094,0.9285448815994862,0.928546511627907
