label,precision,recall,f1-score,support
0,0.5607476635514018,0.5504587155963303,0.5555555555555556,109.0
1,0.7488151658767772,0.7214611872146118,0.7348837209302325,219.0
2,0.7754237288135594,0.7689075630252101,0.7721518987341772,238.0
3,0.9420180722891566,0.9506079027355623,0.9462934947049924,1316.0
4,0.6744186046511628,0.6744186046511628,0.6744186046511628,258.0
accuracy,0.8532710280373832,0.8532710280373832,0.8532710280373832,0.8532710280373832
macro avg,0.7402846470364115,0.7331707946445755,0.7366606549152241,2140.0
weighted avg,0.8520367510487263,0.8532710280373832,0.8526119071821404,2140.0
