epoch,train_loss,train_acc,train_f1,val_loss,val_acc,val_f1,epoch_time_sec,lr
1,0.8307413758418681,0.6846272267429074,0.6849195894459321,0.6024443445836797,0.7856029915861639,0.6527242373484701,213.90368127822876,0.000288581929876693
2,0.5856516161681479,0.7906311853969651,0.7902114363872813,0.5250246431313309,0.8142723589903397,0.6974725724487782,172.63176202774048,0.0002560660171779821
3,0.4647849346453779,0.8357708379151089,0.8360269976186373,0.6351792882470524,0.7781240261763789,0.6611541558805774,167.88197445869446,0.00020740251485476348
4,0.3610471312500052,0.8747525841213988,0.8745751883972863,0.5829848676335578,0.8164537239015269,0.6994129552226116,162.38699078559875,0.00015
5,0.2557210152828002,0.9129645920387068,0.913012875752235,0.5812112233218025,0.832034901838579,0.7229167004457924,162.47827577590942,9.259748514523653e-05
6,0.17826637222393954,0.9431493292280625,0.9431503498591848,0.569374106093949,0.8385789965721409,0.7286081595034999,158.7917582988739,4.3933982822017876e-05
7,0.1306614994492074,0.9598086650538816,0.9597336367874705,0.5757180832180322,0.8385789965721409,0.7269161793269276,162.22462821006775,1.1418070123306989e-05
8,0.10251712839009473,0.9696503188915768,0.9695290911598882,0.5622084777729184,0.8441882206294796,0.7327075695851655,160.4285638332367,0.0
