label,precision,recall,f1-score,support
0,0.5614035087719298,0.5871559633027523,0.5739910313901345,109.0
1,0.8223350253807107,0.7397260273972602,0.778846153846154,219.0
2,0.7510204081632653,0.773109243697479,0.761904761904762,238.0
3,0.9516129032258065,0.9414893617021277,0.946524064171123,1316.0
4,0.6347517730496454,0.6937984496124031,0.662962962962963,258.0
accuracy,0.8542056074766355,0.8542056074766355,0.8542056074766355,0.8542056074766355
macro avg,0.7442247237182715,0.7470558091424044,0.7448457948550272,2140.0
weighted avg,0.8579980132006276,0.8542056074766355,0.8556709235237422,2140.0
