label,precision,recall,f1-score,support
0,0.5752212389380531,0.5963302752293578,0.5855855855855856,109.0
1,0.7733990147783252,0.7168949771689498,0.7440758293838863,219.0
2,0.7841409691629956,0.7478991596638656,0.7655913978494624,238.0
3,0.9468488990129081,0.9475683890577508,0.9472085074060008,1316.0
4,0.6678571428571428,0.7248062015503876,0.6951672862453532,258.0
accuracy,0.8570093457943925,0.8570093457943925,0.8570093457943925,0.8570093457943925
macro avg,0.749493452949885,0.7466998005340624,0.7475257212940576,2140.0
weighted avg,0.8584389457474879,0.8570093457943925,0.8574167026867618,2140.0
