label,precision,recall,f1-score,support
0,0.5702479338842975,0.6330275229357798,0.6,109.0
1,0.797979797979798,0.7214611872146118,0.7577937649880095,219.0
2,0.7586206896551724,0.7394957983193278,0.748936170212766,238.0
3,0.9397136397889977,0.9475683890577508,0.9436246689368142,1316.0
4,0.6755725190839694,0.686046511627907,0.6807692307692308,258.0
accuracy,0.8537383177570094,0.8537383177570094,0.8537383177570094,0.8537383177570094
macro avg,0.748426916078447,0.7455198818310754,0.7462247669813641,2140.0
weighted avg,0.8544052264368599,0.8537383177570094,0.8537626957487483,2140.0
