label,precision,recall,f1-score,support
0,0.5384615384615384,0.5779816513761468,0.5575221238938053,109.0
1,0.785,0.7168949771689498,0.7494033412887828,219.0
2,0.7534246575342466,0.6932773109243697,0.7221006564551421,238.0
3,0.9315985130111524,0.9521276595744681,0.9417512213453589,1316.0
4,0.667953667953668,0.6705426356589147,0.6692456479690521,258.0
accuracy,0.8462616822429907,0.8462616822429907,0.8462616822429907,0.8462616822429907
macro avg,0.735287675392121,0.7221648469405697,0.7280045981904282,2140.0
weighted avg,0.844971058710365,0.8462616822429907,0.8452145719390186,2140.0
