epoch,train_loss,train_acc,train_f1,val_loss,val_acc,val_f1,lr
1,2.7493675578162193,0.13938412070274353,0.08207731932003494,2.626645110374273,0.1535852700471878,0.02332428025411237,0.0002713525491562421
2,2.6739879816303636,0.14586709439754486,0.07235886883720452,2.4898511309956395,0.1719961166381836,0.03421280237689472,0.0001963525491562421
3,2.6701297472773984,0.15289032459259033,0.07772605525677728,2.4470659596051356,0.19331395626068115,0.059593000045839034,0.00010364745084375788
4,2.632010302886262,0.16315504908561707,0.08420127669923148,2.42145390473595,0.2160852700471878,0.08083052095668967,2.8647450843757894e-05
5,2.6012865758985524,0.16801728308200836,0.08145201761934368,2.432506472565407,0.17926356196403503,0.049257548560701976,0.0
