label,precision,recall,f1-score,support
0,0.5392156862745098,0.5045871559633027,0.5213270142180094,109.0
1,0.6456310679611651,0.6073059360730594,0.6258823529411764,219.0
2,0.6237113402061856,0.5084033613445378,0.5601851851851851,238.0
3,0.8833214030064424,0.9376899696048632,0.9096940656100257,1316.0
4,0.5809128630705395,0.5426356589147286,0.561122244488978,258.0
accuracy,0.7864485981308411,0.7864485981308411,0.7864485981308411,0.7864485981308411
macro avg,0.6545584721037685,0.6201244163800983,0.6356421724886749,2140.0
weighted avg,0.7761390176098908,0.7864485981308411,0.7799737772611706,2140.0
